CattleID,Image,Split,sha256
TGADDN758283,TGADDN758283_muzzle1.jpg,gallery,7ef1074eed1dee62a1de5952d5fd2312a40da340ea8a439ff9eb4cd1d5b28aa3
TGADDN758283,TGADDN758283_muzzle2.jpg,gallery,6d908e1988486b9e74f14c597ab2e97a5c25c121ecb2eaa7947a2151b1767ab7
TGADDN758283,TGADDN758283_muzzle3.jpg,gallery,dd79bcfbdde9244558e43e1bfec647a4ea00b1a52fa1939377c838cce60a2d95
TGHYGR443957,TGHYGR443957_muzzle1.jpg,gallery,f6d5a0e88164b47b1920d3534e8ff535851aa7f9d894a8b20b054624baac0ad5
TGHYGR443957,TGHYGR443957_muzzle2.jpg,gallery,580837c6bad377223ed9f1796825fd31ef94ba91ff66969aabf511071ca544c5
TGHYGR443957,TGHYGR443957_muzzle3.jpg,gallery,add3787916784e5cb8b51bb2ebd8fafadec0a628e30f278adcde74d1f49bf04c
TGHYOT458495,TGHYOT458495_muzzle1.jpg,gallery,87c294b71bb66dd4de8a4622136c894630b2f8ec25504ff4623cd93a086fefbd
TGHYOT458495,TGHYOT458495_muzzle2.jpg,gallery,52970e091f0b97e446ef407456f1ea1f01f6648788143a7035c600fb885b6095
TGHYOT458495,TGHYOT458495_muzzle3.jpg,gallery,a5bf218640be3dbb3e0d4afcdef347a38b59b625310282f61965924b0754ed07
TGHYOT500252,TGHYOT500252_muzzle1.jpg,gallery,b364836eab5f20fad735be6a44b24ed2e3e0b8044382ec92a26f753916f04216
TGHYOT500252,TGHYOT500252_muzzle2.jpg,gallery,8721815866db60ecc963d9475810c20c25835a6b8660b44656e85ebb5d6ac6ab
TGHYOT500252,TGHYOT500252_muzzle3.jpg,gallery,8e0a8bfd3e84fb01831832def842aa071c5379e50372ee91569808d0d8b922ee
TGRNGR292296,TGRNGR292296_muzzle1.jpg,gallery,efce4cc58898308b32fc6840744d7941ef6c5792090b1906498c43821838f723
TGRNGR292296,TGRNGR292296_muzzle2.jpg,gallery,79fe0627d6e142f7c7bcf215635111c443f48364bfe1bb30163ea33b0013bbd6
TGRNGR292296,TGRNGR292296_muzzle3.jpg,gallery,3da9e584e17173dc5699fd41548d8f9516683d9e5fe6b85fd30286ac6d1a10e1
TGRNGR335731,TGRNGR335731_muzzle1.jpg,gallery,0af7d188b6432e04b8894f2edf6c09a5642052db296f7ec2e7af8c7767c14efc
TGRNGR335731,TGRNGR335731_muzzle2.jpg,gallery,6c8595604e951970b7ff0ef8c48cf8d58c391793e632a13b990cdde3f42b9c31
TGRNGR335731,TGRNGR335731_muzzle3.jpg,gallery,fe0497b6e507e9b936542c31b85a167af7aaf22c889c1d6e1f50a473c06fb36c
TGRNOT181814,TGRNOT181814_front2.jpg,gallery,15ad3223a79dc88de6633eda675e323622c27e41706c3ebb73315472425d2895
TGRNOT181814,TGRNOT181814_muzzle1.jpg,gallery,cf94e197ef67cb345d4b611117daa15d2fa9d4fc287534f3af938c35ee148a4b
TGRNOT181814,TGRNOT181814_muzzle2.jpg,gallery,7ef70bdea419375ea4b74aba5fbc19ac42722721ab9f9275ac5957bbdd8cb5ce
TGRNOT276607,TGRNOT276607_muzzle1.jpg,gallery,336f98316316a0f11e689b5aaaebdebd48f23cf32b7b54ba64675944b05eddc8
TGRNOT276607,TGRNOT276607_muzzle2.jpg,gallery,2e43fa6304b97e46d8d789ca34f0f326845584c59501a7d665012210705cd216
TGRNOT276607,TGRNOT276607_muzzle3.jpg,gallery,b2cd606b21a2f718322e9a9147960e24193617f90275fd1f13afeca33785702c
TGRNOT987961,TGRNOT987961_muzzle1.jpg,gallery,41db06fa12df65e70e11bc54cd406e0a41cf5510bd641e6ba959f655c401b545
TGRNOT987961,TGRNOT987961_muzzle2.jpg,gallery,a67e3325043d6e08d5f4cc7f79753d1e349ade795b4ee3900ac5e238288710af
TGRNOT987961,TGRNOT987961_muzzle3.jpg,gallery,e3a636afd94254b7bd39d5bd5f57d18fe0f7a73fc64dc56d3f6d20fa84defccb
TGRNSH001563,TGRNSH001563_muzzle1.jpg,gallery,fd38cb79d2b3488efe031cf70f7f4e5004e6304ddd2693f95b7a9eba3834aee2
TGRNSH001563,TGRNSH001563_muzzle2.jpg,gallery,a1ce0074e07da877a464dbf8ede68c768c3c5227d5dfbd0d41ffbbe63ec7b051
TGRNSH001563,TGRNSH001563_muzzle3.jpg,gallery,1e00480cbe96a10352f9d3a335e5509afeef05fed8bae5c428e05b1b47f56562
TGRNSH064272,TGRNSH064272_muzzle1.jpg,gallery,0c1d1f10e2c2aef63a9e3800edf43091a2cb718224b3f54fa0ef734d92ddd507
TGRNSH064272,TGRNSH064272_muzzle2.jpg,gallery,bf810efd27b12d56ed283f331b55f7f372d50b89efe86ddee89b008c8ea19f06
TGRNSH064272,TGRNSH064272_muzzle3.jpg,gallery,fe47da62e0b47339a442cbbff0f96db7e133c015045f9464faa909fb2af5fbf5
TGRNSH296560,TGRNSH296560_muzzle1.jpg,gallery,9c08ff0d5a3b996f96d9e0c64e4c7bfd5b332a81be4592c0f0585223ed981ebe
TGRNSH296560,TGRNSH296560_muzzle2.jpg,gallery,812ae1c06b3cb7823d6b8581d569c1db3b2575247619c9b7e7fba0b89ba6add6
TGRNSH296560,TGRNSH296560_muzzle3.jpg,gallery,b5dfea72ab1d996e64457e7ee390135802b4e2723904ab2707f4fa51de9d813a
TGRNSH450194,TGRNSH450194_muzzle1.jpg,gallery,87657d1c1ff9599dc46a3d143a9539e38d05a5ae8806e1c4ae29edaaf9311016
TGRNSH450194,TGRNSH450194_muzzle2.jpg,gallery,3be1c9f6d64ea2523c82d6956396b0e38c73797bf34ecdc16ff0f7ae3488b74d
TGRNSH450194,TGRNSH450194_muzzle3.jpg,gallery,c39378e2adcbf3e754d51867432b2c9aaeb6a5019f186402cf20c7439e918911
TGRNSH478487,TGRNSH478487_muzzle1.jpg,query,5e74df76ead3927531d50429a144c6465658991b1b68cce0340d73ce9266f752
TGRNSH478487,TGRNSH478487_muzzle2.jpg,query,e78a83d27a21512512b808c789861bda288498bc76d5763efd90dfc0f544723c
TGRNSH478487,TGRNSH478487_muzzle3.jpg,query,59c14361b9e7c4ebcda36892e05a4fa9e15b81b7f62d8ee424b565ff82376677
TGRNSH699963,TGRNSH699963_front1.jpg,gallery,83cc0920c7d8d90b0fb626c68474e17cb857f43b62dccafef1a68fb9d4a9bf07
TGRNSH699963,TGRNSH699963_muzzle1.jpg,gallery,e1f4dc7ca6e8abd5721a3146c8e322eb15c1566a93719049c58a44ac5a3b1179
TGRNSH699963,TGRNSH699963_muzzle2.jpg,gallery,aca533b448292609ecc5fb72aa312b265fa8a5e648d27b6e0e9a0a12289ed39f
TGRNSH699963,TGRNSH699963_muzzle3.jpg,gallery,e4649b434e61129c18518efa84f3b2b1db5ed1cba6a98e43d053a43dd467f388
TGRNSH779283,TGRNSH779283_muzzle1.jpg,query,e251140d99a441799437db686c4325407090f685eb63b8544a1e07b0d7384644
TGRNSH779283,TGRNSH779283_muzzle2.jpg,query,4a179f604d735a23f5509ed8bbc1686691bd9555d97806cabb0c734a5394043c
TGRNSH779283,TGRNSH779283_muzzle3.jpg,query,cfe4b9d881bdbc45d48af7177f2a3e198ee2c019e0fa1e6bfa85259f4bcdc2be
TGRNSH949552,TGRNSH949552_muzzle1.jpg,gallery,81b25f4694730a7f68cafed4c561ba612b18e4ec0a4a98fa487bef7598235493
TGRNSH949552,TGRNSH949552_muzzle2.jpg,gallery,052c0bb358a627716ce6ee8fea7e00dc3dcd155be349c5d6645868558365d00d
TGRNSH949552,TGRNSH949552_muzzle3.jpg,gallery,4530fafc132e4fc4e04598f5d2aa431a85dfdd2d92116f34470e3471ab3a6aa3
UKDEGR092018,UKDEGR092018_muzzle1.jpg,gallery,117e5bff7515dbc03ede29609a8a280f5c18e4a39d7421df97ebdf9fda8b8075
UKDEGR092018,UKDEGR092018_muzzle2.jpg,gallery,7f030a3a5e88c786db72c8c4ca837aa6933be5d649476daef020bfa90b15beb2
UKDEGR092018,UKDEGR092018_muzzle3.jpg,gallery,3b458504c11264c19b3990b70bf2b0597f897ba5c1937dfdf78b79b4f3ae8265
UKDEGR096093,UKDEGR096093_muzzle1.jpg,gallery,3c549f0dccdf09d86108c8d7a8200dc7d24812c5c3f2de105ad3c2d199011dce
UKDEGR096093,UKDEGR096093_muzzle2.jpg,gallery,0dfcfb4bc68bccb074a9de96007f3c31c97f67b7ebf9313c62349e38b57bcc59
UKDEGR096093,UKDEGR096093_muzzle3.jpg,gallery,89dbec0c9a9fd7cbfc1304919d65a671b7838831764a20989de4b6b02d203feb
UKDEGR152028,UKDEGR152028_muzzle1.jpg,query,397899b954f7ef843bf6903148e80c34fd4440bdd4d3e8c26565c0e3cc6edb84
UKDEGR152028,UKDEGR152028_muzzle2.jpg,query,5dc45b6e6f5b3b8d7e22cf173811887b4ceeb36c1c71b76b8e6af4a4653edea0
UKDEGR152028,UKDEGR152028_muzzle3.jpg,query,ae8349bb4e88a0830151252c0ad9833ca5ce08e033c5e99096308a2df2787ef2
UKDEGR174032,UKDEGR174032_muzzle1.jpg,gallery,c9f9209548e6127abee8bac3d807e97caa64879b6b700a28fcf472336d34e1fc
UKDEGR174032,UKDEGR174032_muzzle2.jpg,gallery,4ec8b70e252a5e625b2b78d616fe18da9a81ae722a3f9f27ddf85eaae2cc017e
UKDEGR174032,UKDEGR174032_muzzle3.jpg,gallery,51d78ab3c048a58c895af1581aabe3ced58b533745e4cfcaa836093d69e647ca
UKDEGR222662,UKDEGR222662_muzzle1.jpg,query,27820bfa531fa29607f3270703a09b2ea46e1a58090d075174631c0813387223
UKDEGR222662,UKDEGR222662_muzzle2.jpg,query,3c7940294e590532b1c9ef4fdb1c6c65821add8f659916ff1010af86fe8313c5
UKDEGR222662,UKDEGR222662_muzzle3.jpg,query,1b257b04f1fc1b8ef86177eb3093e4e7682221993c326b30b4e2aa2a7b82361e
UKDEGR228345,UKDEGR228345_muzzle1.jpg,gallery,4ace90ebc659d64f4d5b773d26e9bb4910f7689385a6a3f501bce9127cd44ce6
UKDEGR228345,UKDEGR228345_muzzle2.jpg,gallery,0ecfd9f37f56b93e807ac023ceb5d16b89adeafcb01400e96b852fc46e619264
UKDEGR228345,UKDEGR228345_muzzle3.jpg,gallery,240130ca7f0d4cc62074f5bbff904b69c736297537572288a036ea9873fe0474
UKDEGR304678,UKDEGR304678_muzzle1.jpg,gallery,a41119b5b58716976830161d38c1b7a4f157ce843e4d2235f579b74bc12c9c34
UKDEGR304678,UKDEGR304678_muzzle2.jpg,gallery,fe09fa9c8437a322a72d4d1e9ac447f9c3d28258ee429365b30aad32a564b8a7
UKDEGR304678,UKDEGR304678_muzzle3.jpg,gallery,d5e4d65e251170a67d6e03018525029d2ada3bb5d06d3f2500516a4f94fd9867
UKDEGR322163,UKDEGR322163_muzzle1.jpg,gallery,ecd68b8a5a627fe9d7cf84ef042aaf6fd9e54a706d65e82d7fa22dfe62c4db79
UKDEGR322163,UKDEGR322163_muzzle2.jpg,gallery,5e5c7cef31fa0e64fa525251c5d12db8562188620e1523ebb6ac32a81e65ced6
UKDEGR322163,UKDEGR322163_muzzle3.jpg,gallery,d3bab2603cce3c487010f5d857208ad3b4878c82885caa0f9e43f1ca2521f0fc
UKDEGR455918,UKDEGR455918_muzzle1.jpg,gallery,785e5230f04c59c042cbd03e263ce26b85cb3237cd06554876d5a1549b5efe82
UKDEGR455918,UKDEGR455918_muzzle2.jpg,gallery,332533c0fc52b68d3b6e1614994bdfcc020bda541e9604694608acd41e87a48c
UKDEGR455918,UKDEGR455918_muzzle3.jpg,gallery,de2ac720e621b976638d76313e539c86ad3c89dfcd6d65c25f994fd232a4bc53
UKDEGR593325,UKDEGR593325_muzzle1.jpg,query,8058ffff0d4f3dfbbb1c0d3047bcb0fc9c680925c1d5d9e2eae7241093dd5037
UKDEGR593325,UKDEGR593325_muzzle2.jpg,query,de1ce01e530deb141087a786deeefd5f5debba32fd5fa001a0b83f64dba87177
UKDEGR593325,UKDEGR593325_muzzle3.jpg,query,756d428915e3cf7101c0da1274eda0a259db248f93d9bb12fb62fce5af253a87
UKDEGR618355,UKDEGR618355_muzzle1.jpg,gallery,8fb79fbb9f00b17b4d60c864b90b353a86c86e9a0b269d9dcb1a91ce1d553c01
UKDEGR618355,UKDEGR618355_muzzle2.jpg,gallery,c5cc42a0e298f70f65974954fbd6b7e7a939676b55c12ec66e22e091dd855680
UKDEGR618355,UKDEGR618355_muzzle3.jpg,gallery,5c0e8ea7b9c6b3685972d3b56baa5379bc2fea16ceca78f59d7786d12bdb9630
UKDEGR894049,UKDEGR894049_muzzle1.jpg,gallery,1f2a0628e56233a5141305a5d9cae21eb5126c7ce8337017c3504c6a5b2b1cca
UKDEGR894049,UKDEGR894049_muzzle2.jpg,gallery,39261d0ef64d1c9750088903ddf74287a26ff75ebde449274d60f7501587b82d
UKDEGR894049,UKDEGR894049_muzzle3.jpg,gallery,0b96312804d50a39fc28ff5721f421b881a942bd484059f122faf9f3fdee4bbb
UKDEGR942545,UKDEGR942545_muzzle1.jpg,query,4f7d2e2c624961a115ad39bea55dc129962aeed9e2e266825b46743751fb84d9
UKDEGR942545,UKDEGR942545_muzzle2.jpg,query,d0d05095852f5be221a239f8ebf1eb3c85a5797562ba562e86a30795905f1a4d
UKDEGR942545,UKDEGR942545_muzzle3.jpg,query,1c97db24738878a8f0c721c0330327abdd2f981e555b26139d4e103450c5d942
UKDEGR962081,UKDEGR962081_muzzle1.jpg,gallery,5b277b585c2ea24bfbbb97c97b488970f7786693b22b85c1b01ba9e0454cd246
UKDEGR962081,UKDEGR962081_muzzle2.jpg,gallery,9db616b9bf076be38dcd32ae46f82efacae70a1a8354a596e376bc5b6e3e2696
UKDEGR962081,UKDEGR962081_muzzle3.jpg,gallery,735b48a6c09149a9f9e26c2d7adbd3917a052895871a5511e6830f62f2102a8a
UKDEHF028925,UKDEHF028925_muzzle1.jpg,gallery,73127dbe1871c10df9f202599732ea202fd3a7cd53d1653d5d80f0616572ed36
UKDEHF028925,UKDEHF028925_muzzle2.jpg,gallery,8ed5ee3140c716c7baad2216e95490dad0ce57a0ed5b459ffbd8666444d925ca
UKDEHF028925,UKDEHF028925_muzzle3.jpg,gallery,2a550c91149f8cc6eb44823b7e0ee907e45701954e4201fa2462814fb4e7bea5
UKDEHF198175,UKDEHF198175_muzzle1.jpg,query,68883a54547ebcaac98170682ba7d25a4a71e3a72b2b4aba377ef0f86c8ca36e
UKDEHF198175,UKDEHF198175_muzzle2.jpg,query,6326d8cd4893211838cb43432f4be6860ba2240bc2c07464d7ef9d9474349c5c
UKDEHF198175,UKDEHF198175_muzzle3.jpg,query,f416b1c1779c2384f002efc4bcfc4045d6c4a2c8754d07f4eca97d568cb907ad
UKDEHF246578,UKDEHF246578_muzzle1.jpg,gallery,eb75f787e6e05bbcd36e07db95f557bc571107934ad1784a6a49cc58af8f642a
UKDEHF246578,UKDEHF246578_muzzle2.jpg,gallery,cb720cc97ab9e78e28ea3f495556cbab93eb250be86f67a2e0314265ff14d61c
UKDEHF246578,UKDEHF246578_muzzle3.jpg,gallery,a72072d0054ff561cba0f0d3933768800ebdaab23de07e88ebbe76aa7e810a99
UKDEHF409393,UKDEHF409393_muzzle1.jpg,gallery,904c3ad01e866acf02cdbf417c59b0082815acf85103e6f596f73f1f0bafb80d
UKDEHF409393,UKDEHF409393_muzzle2.jpg,gallery,62c4f1ba8cc22e58950307844b4df3f6ba7dc17d70a633f1283d6d015bab6203
UKDEHF409393,UKDEHF409393_muzzle3.jpg,gallery,2b45a6b6bc6eea51fb2f90d11141e4573d5cebbab9251bbe590ffd9e33e11cc4
UKDEJS014531,UKDEJS014531_muzzle1.jpg,gallery,758e311e869bff7b29177962c3c4b21c0b4ee7aba9a9653428a718fc962bb38f
UKDEJS014531,UKDEJS014531_muzzle2.jpg,gallery,7fb87e562714a6d7df2e5a828d8af1aeb25e033b1d4509a314b2a082ffd520d0
UKDEJS014531,UKDEJS014531_muzzle3.jpg,gallery,cd1c919e6bd8e496fc3382e5769d9c343cc3c2c56ceba113566c94d2902d31c9
UKDEJS032876,UKDEJS032876_muzzle1.jpg,gallery,054c9b8af5e4ba03670d96f3b23bbaece3fca0e5094cfa5eee58d0c174569ef6
UKDEJS032876,UKDEJS032876_muzzle2.jpg,gallery,ffbe0a4fbb52b1a5806e9ada63379f0a4f3220b5f7c8965dedec4d8eb6d30a22
UKDEJS032876,UKDEJS032876_muzzle3.jpg,gallery,d1705767ddd55bcece3bb1679f86224172bc101003181b16695064bd9f52c142
UKDEJS065133,UKDEJS065133_front2.jpg,gallery,92bdf2b036a08aa693c52fd38a774050014ccea04ab1fba55341256b320bb6b1
UKDEJS065133,UKDEJS065133_muzzle1.jpg,gallery,e91490a792025179c3e0dfcc7edc2c482154f5d8600b3f5722382f6046d1a014
UKDEJS065133,UKDEJS065133_muzzle2.jpg,gallery,3505e21900fb75734e95e4a5eb9ddf351201d9f970cea490ee2894a379c5d260
UKDEJS065133,UKDEJS065133_muzzle3.jpg,gallery,2b52c9f103854d87c2487d93a9e460ca09b9a56e71da953694556e1a6f08b54c
UKDEJS072415,UKDEJS072415_muzzle1.jpg,gallery,32562151a3c37697888a18bfdaa7e34b8eb8ab38742a47a633943eeea4aed729
UKDEJS072415,UKDEJS072415_muzzle2.jpg,gallery,f10ac551d883c6c6a9f890b21d75abd761cdbdaae468a8dbfbb89075e586f0ff
UKDEJS072415,UKDEJS072415_muzzle3.jpg,gallery,d45b6fa88b3e1b65097a708db3f1554c669fccaf00f750c47b70c751650817ea
UKDEJS074664,UKDEJS074664_muzzle1.jpg,gallery,d3c70aa26b3f603dde86c2e60d889f5d652136ae09676bcacfffc8c35e1b9aed
UKDEJS074664,UKDEJS074664_muzzle2.jpg,gallery,47bc4be443355ffa599d4cda70253d31d8c564c69520d304c42508535329837c
UKDEJS074664,UKDEJS074664_muzzle3.jpg,gallery,f1bde4ed54f67bf451e203f12b3dee2f9dbb273a9e572a261db487bd905a5bf6
UKDEJS074867,UKDEJS074867_front2.jpg,gallery,b2be64051ffdec01558158490665640f3d80dc2603d872cefd58789cd783679e
UKDEJS074867,UKDEJS074867_muzzle1.jpg,gallery,2562b08046bf68d5b07c0eb074fd4f06c98ab5c8ab97d1673e499c80bf0b53ea
UKDEJS074867,UKDEJS074867_muzzle2.jpg,gallery,e1f059c1c646fb6e5a67267b2e9fbb61d3aa99de05f2393be96024dd6586fddf
UKDEJS074867,UKDEJS074867_muzzle3.jpg,gallery,be56455345ecfc1394cd205e7d8bbd02a5bcf338a49a0d68a4bcafa1a2597da8
UKDEJS110579,UKDEJS110579_front1.jpg,gallery,cc8a2c2fa1e2d3e8a59bb62773d7c05678345b5678efde75139ceec4869d1fa6
UKDEJS110579,UKDEJS110579_front2.jpg,gallery,958364cbe3042eb86de17a5cc6c57ebaff044ecec6ca6774e4598e45090ccc02
UKDEJS110579,UKDEJS110579_left1.jpg,gallery,007091562c3cb540988cedf4bb057bb3d01849db6cb63c33da65e46fdf2c78af
UKDEJS110579,UKDEJS110579_muzzle1.jpg,gallery,7ae62cc64058f43bdd0ad1059459b17233710801df737ee6cba6ab75c63cc19d
UKDEJS110579,UKDEJS110579_muzzle2.jpg,gallery,039751fa653233413bc2aa72a6ad2af76123fd55f2dbb6beef542f432345bcea
UKDEJS110579,UKDEJS110579_muzzle3.jpg,gallery,f32abd0490644ee60f77ddc7b558fd7d46ee398890eba88a9208d4d36c47919b
UKDEJS138571,UKDEJS138571_muzzle1.jpg,gallery,32a83999e086005a9fabfb9bf59cbb070ef4e8cafafddf5492ff71ff7e791836
UKDEJS138571,UKDEJS138571_muzzle2.jpg,gallery,0032de078bd4d9af10ef04b915e4462861b9557c9c4fb275e3dd31ae40eaffed
UKDEJS138571,UKDEJS138571_muzzle3.jpg,gallery,a65781ab079dae07380ea527cf64da433bdb5fd7af3e932f1ed536fbc22e8804
UKDEJS155191,UKDEJS155191_muzzle1.jpg,gallery,513e460f122a4353e717bfc6cca641f6d526c558223e84c92a39672ae79514a7
UKDEJS155191,UKDEJS155191_muzzle2.jpg,gallery,625b940fb7825fd7a677e3bae6e81c3df24522ed64218b01b1b601d825af0f14
UKDEJS155191,UKDEJS155191_muzzle3.jpg,gallery,69670ee9a19eeb9ddd9fc7476b8f3ea163b5f4df1e310d54d3e2fd80c177a105
UKDEJS163562,UKDEJS163562_muzzle1.jpg,query,2d0e2ec7868b1f2550e1668831e538a821484f1b427c8c413b68d48d7acb27e1
UKDEJS163562,UKDEJS163562_muzzle2.jpg,query,8be0dbc65ac4ad215495df46e317d4b91d637f19929e7fd0c5645468ca296872
UKDEJS163562,UKDEJS163562_muzzle3.jpg,query,74285f861495b12e1476b3c1ffde14eb486e9d9e1e62a07e9f76b16595f8d6b9
UKDEJS165682,UKDEJS165682_muzzle1.jpg,gallery,0dfc2f807a6ff13d0c7f343e8be5bad35c6a204b8802006b349a21bd3e2de3fd
UKDEJS165682,UKDEJS165682_muzzle2.jpg,gallery,2cf03f8af53b9a51eddf118206f4c2a8e35682bc18b8c13a22e71439e8e137fe
UKDEJS165682,UKDEJS165682_muzzle3.jpg,gallery,b8514c57a1d39d4fc02ce7184587b9f7c9e5faeecc88ee00deac7ab2262c73e5
UKDEJS193625,UKDEJS193625_muzzle1.jpg,gallery,f2d1aed80552d1f141a6adcc444692f5e96d7c593912fc6a80a8a5082535b0bf
UKDEJS193625,UKDEJS193625_muzzle2.jpg,gallery,3c73f176dd334d714621c4bb1505fc0538dc4643579968587009036ebc0233f9
UKDEJS193625,UKDEJS193625_muzzle3.jpg,gallery,c2162848641f779f6f497a9b8a5098c6934c09ffeeba806a7314d1be885a577f
UKDEJS196857,UKDEJS196857_muzzle1.jpg,gallery,9ed6e6037f38da4570573e50e5e8466ba325db2d81630091aafb367c9d92f6f4
UKDEJS196857,UKDEJS196857_muzzle2.jpg,gallery,058b6ec9298dfcd3e112d2e50c228586f0e65cdee9bdad892a7b8998c270452f
UKDEJS196857,UKDEJS196857_muzzle3.jpg,gallery,2f02349f7a924eff0175cd25f5f4e1cafff24c826d1c7da9786300a2a21c9cc1
UKDEJS211815,UKDEJS211815_muzzle1.jpg,gallery,272b18cc0152af79356126278d98ec030e62372ca678312d41751f09a3e86a2b
UKDEJS211815,UKDEJS211815_muzzle2.jpg,gallery,9e5f9b89f0db8667b55ae7826f9f2bdbf250d29a4428f0ee8235f5c62276a93f
UKDEJS211815,UKDEJS211815_muzzle3.jpg,gallery,f52090d2101a16f9a66c5faf4fffb6a26140b6252d752ead7efb2dd9ffedd965
UKDEJS219566,UKDEJS219566_muzzle1.jpg,gallery,013ccf637c4ba383dbc6054a29b0903da5291b7d5cab9d0bd2cc83d1990932aa
UKDEJS219566,UKDEJS219566_muzzle2.jpg,gallery,14a25a8579c46bbe48ef2f81e73d31267a3321465f2e29d0e600a35c5ee97756
UKDEJS219566,UKDEJS219566_muzzle3.jpg,gallery,5fb404dee500b50c9336aa7807afe061732822c8086f535c81ca638f10006fe9
UKDEJS233888,UKDEJS233888_muzzle1.jpg,gallery,95dc185fbe0df56be0e7dafde1da6c28197e8b3952b91d4e97f1b449f85adc31
UKDEJS233888,UKDEJS233888_muzzle2.jpg,gallery,00bc40c11593f15a24fae702185c6c3daf3ec863d27b10c66cf3fd4481d0cdb4
UKDEJS233888,UKDEJS233888_muzzle3.jpg,gallery,4dddeea1d796bc9519b47d82b5c07ad6dac88c75bb833d23ee9721d28d6d769c
UKDEJS240379,UKDEJS240379_muzzle1.jpg,gallery,58fa14fc0ac4e01c1c52b7c4eaacf1201c022fedd09b701b41282d0f5bd68178
UKDEJS240379,UKDEJS240379_muzzle2.jpg,gallery,2638d4745236b75ed9d356c27749bc2f9b37a0be58a81269012646c42ce10d79
UKDEJS240379,UKDEJS240379_muzzle3.jpg,gallery,a99b4fc1c55b29b18a0886428b694a9edde97b430b8bfce5b4c7b68341837d1e
UKDEJS250469,UKDEJS250469_muzzle1.jpg,gallery,8e671c655d603655caab292cf7c26a8f07fcde1c7ea0b94de7bea8a7d404e065
UKDEJS250469,UKDEJS250469_muzzle2.jpg,gallery,a331579e6ada0e4d18a2724bf42713a1cb8a9cde3bdef46c5fbd7f995a762fad
UKDEJS250469,UKDEJS250469_muzzle3.jpg,gallery,35ca7886252341bb8b70efb7cc543666c72fad9dbcf3636ab1fdae0b3c2c5172
UKDEJS280448,UKDEJS280448_muzzle1.jpg,gallery,eee01d5c3bcc98dd1cde205c0443386ddb00383c7cd4ecafb08f56f9349e5e89
UKDEJS280448,UKDEJS280448_muzzle2.jpg,gallery,42f5a41aa8813cdcec81f3c24b3d401e3304cd8570e236a268f9de48007286e5
UKDEJS280448,UKDEJS280448_muzzle3.jpg,gallery,9868ec383b49cfaeb7886f84e3ab6391ff80c9367efd44f318e8e3d688a31b89
UKDEJS285059,UKDEJS285059_muzzle1.jpg,gallery,d26f38933b711c492ce99fc269cc10d96e474096a6f98a271f768174a4163558
UKDEJS285059,UKDEJS285059_muzzle2.jpg,gallery,bae405d43fa27638b917a8dd794b9aa19beab5daee6a42243d2305cf658b5250
UKDEJS285059,UKDEJS285059_muzzle3.jpg,gallery,941391f09de1ceecc99608e5e8d75453d1ce3f8e4ebfe286cba248fda22900d3
UKDEJS307954,UKDEJS307954_front1.jpg,gallery,07ead25873660e31b341eca8e2c3193cf3fc2e10d6210bab6db647bf08fbd270
UKDEJS307954,UKDEJS307954_front2.jpg,gallery,01bd2703965beebbdba095022f884b9b9d55c8a6ae9c8e4338ed241a56e3eb73
UKDEJS307954,UKDEJS307954_muzzle1.jpg,gallery,28f4108920f28107344d3c37d4c21ff08ead4085c65186a6819805c652a1e271
UKDEJS307954,UKDEJS307954_muzzle2.jpg,gallery,2b267b32a9e1e5820a8d606c673a9ea99bee5512267113bc1f4310a0e6c74378
UKDEJS307954,UKDEJS307954_muzzle3.jpg,gallery,eabf74e91908da8b0eee629ec656b063269357751475c394299faf8d5efe5be6
UKDEJS355664,UKDEJS355664_muzzle1.jpg,query,f63f26c77613f6e273c2767c45f14804856759bad73eff8a6f218d375d5f5938
UKDEJS355664,UKDEJS355664_muzzle2.jpg,query,a2e027441da1a6a3ca28bb55aef6163a6080a5a4fc58fe6e9a59ef69fb453b21
UKDEJS355664,UKDEJS355664_muzzle3.jpg,query,678e93340bef6ec9d892351b6846414a4410ab8580b808ea040552c85bf7dbf2
UKDEJS367317,UKDEJS367317_muzzle1.jpg,gallery,0a8be189e9b691ce4110f0a64b2aaa4379b057280621275164b8b827aff349d2
UKDEJS367317,UKDEJS367317_muzzle2.jpg,gallery,d01622f00cf37d587fe68c3fb0f2d78a1f2382537b76f657995cdddb4995bf49
UKDEJS367317,UKDEJS367317_muzzle3.jpg,gallery,abf859b529749a7fd2aba9dcafe1c8c6c6ec5e2b1c6e5350df3a768df6b09621
UKDEJS368061,UKDEJS368061_muzzle1.jpg,gallery,aec297d8ab19573927b41098a5464e8daa589e1dc07551690ab05d1bf539d378
UKDEJS368061,UKDEJS368061_muzzle2.jpg,gallery,8aca90fa857cfdc64118932e6fbf16de47b8fbac56d9f27273b1fe1dea998546
UKDEJS368061,UKDEJS368061_muzzle3.jpg,gallery,6aff68f69330a1868941b9455991e38950917178eb7fa7c71bb1eed56cab6c34
UKDEJS385196,UKDEJS385196_muzzle1.jpg,gallery,e0668ebe26958557b395fbdf689aca1ca99ba796a41d168a6291992508e2a4f2
UKDEJS385196,UKDEJS385196_muzzle2.jpg,gallery,f230fe04c41fe590b0085b955a1658c8501c1d072dea7c50977caa824fb8fc38
UKDEJS385196,UKDEJS385196_muzzle3.jpg,gallery,c368cb49602ae0e64032b6c516f2efcd7818e023a6cd74587675b8e1c8ac8d1c
UKDEJS388606,UKDEJS388606_muzzle1.jpg,gallery,bf5d96d8ea2c4e953887a4d042ac15e8865e9796bec7ef16f9b0095508b33f81
UKDEJS388606,UKDEJS388606_muzzle2.jpg,gallery,0df79efefa532444fce38d2ea56aec0cb03022a60522e79069908361f6b243da
UKDEJS388606,UKDEJS388606_muzzle3.jpg,gallery,e447c95f158c7880b10b246548bf2da1bf416f138f08c7d44ee24884ab9fc36b
UKDEJS405695,UKDEJS405695_muzzle1.jpg,query,4b646143d8b8c2be592bf375c7d0a899242102c61adbf2fb6a2032684a59f586
UKDEJS405695,UKDEJS405695_muzzle2.jpg,query,caf301e88505e5f86080bbbf49645e9aeb05df95bc2a83cb6bd88b52d2ef0fec
UKDEJS405695,UKDEJS405695_muzzle3.jpg,query,b64c4b26e8ecfa3f3a1378abd6e7b2bde7121db1e5ede9e608252808ca368c79
UKDEJS408953,UKDEJS408953_muzzle1.jpg,gallery,06ae6da96e25ec93ff9444f530a210d45ebd29d54ef3c20c8e66a78b4e8a665b
UKDEJS408953,UKDEJS408953_muzzle2.jpg,gallery,010343220c192a169c9c4243023c2ca451ec8204a75a119e6e7d41eb8b3228e1
UKDEJS408953,UKDEJS408953_muzzle3.jpg,gallery,15801cda7fc319500cbf6d3bdf3a8fd8eb9006e9fa20888df042bfba14c021f8
UKDEJS420325,UKDEJS420325_muzzle1.jpg,gallery,fef0eb68eedcad9973c1fb962ca455281cec8543f5389176c701cb026df99048
UKDEJS420325,UKDEJS420325_muzzle2.jpg,gallery,ea6fa77e5d78329a5dfed257691f9b9a4917352080dd7be0f4205e7eb3822d8b
UKDEJS420325,UKDEJS420325_muzzle3.jpg,gallery,83b9c222037d0b09d606688f9f87a0882814ec4c1941ea75001bac60727c01dc
UKDEJS421861,UKDEJS421861_muzzle1.jpg,gallery,22338cfd119292e4423353ee080e65e751d50534c9a2be8bfd5cb2f289c976f1
UKDEJS421861,UKDEJS421861_muzzle2.jpg,gallery,87708dbe2d86546c596190350462376769ad7a21137cc159266a7642d04a6b03
UKDEJS421861,UKDEJS421861_muzzle3.jpg,gallery,c4b428beb91c3ff0353efbf2a1e486d71248548e4f128afd68bdda09c60b1597
UKDEJS424252,UKDEJS424252_muzzle1.jpg,gallery,9f6d4eda354b6128b39b721f31b7126eea75408b62160c122f67286547c1b12f
UKDEJS424252,UKDEJS424252_muzzle2.jpg,gallery,91b365839149a79df6e11def1f7490d07c9a86bc21cc2cdd9a14ba6dead95901
UKDEJS424252,UKDEJS424252_muzzle3.jpg,gallery,8f5c8a7dec2bfa0012df81b66a3032ca6650ba7368bebdb9422207b2e794703f
UKDEJS434391,UKDEJS434391_front1.jpg,query,34310000c4436df0ec09f4c5bfc769bb2f5407f363210b9e818e4e41a22bc82a
UKDEJS434391,UKDEJS434391_muzzle1.jpg,query,361dc232a236ddc260dc88c56f8888b1b82f371a439c76dfad958c742e61e555
UKDEJS434391,UKDEJS434391_muzzle2.jpg,query,a40646fa80360c30b2b110152bdc5da5bacce36e2288726769da2f4b3c9046d1
UKDEJS434391,UKDEJS434391_muzzle3.jpg,query,80a032567fc17f64da33a4e444f151e529c374f5531cf5fd9a15cae442110cc9
UKDEJS439222,UKDEJS439222_muzzle1.jpg,gallery,d00c903d25d7915237c8b4edb6040c147d985134485fcf9d17f81e28e7206904
UKDEJS439222,UKDEJS439222_muzzle2.jpg,gallery,4420df33c61a7ddab404e35267afda8fb679efeefebb50c7c95a0749524c7fcb
UKDEJS439222,UKDEJS439222_muzzle3.jpg,gallery,406ac4e9391f6c50575cf7374a74f3d9f1cd1b42d70233801ed7780184705d10
UKDEJS503175,UKDEJS503175_muzzle1.jpg,gallery,5ab642a8d55597762540fd9d9dd3ae3a19c5e1c9beb5b0ec2b38fef451bbec65
UKDEJS503175,UKDEJS503175_muzzle2.jpg,gallery,5734cd4e60508eb9e2e026c2217d69736f2e1cf55133efb04a00829f9ee7f494
UKDEJS503175,UKDEJS503175_muzzle3.jpg,gallery,b4ed58ac3958683fd600f90b7f7dc5888b2dc002776fef2d7cfb01e564d1b9c1
UKDEJS544396,UKDEJS544396_muzzle1.jpg,gallery,281487509259ce27b35e36a98050b6f7d232ff8e61f4dd188816e3fb73fa93b7
UKDEJS544396,UKDEJS544396_muzzle2.jpg,gallery,0c105f6f74b6d45ecd4f48a2dcb345404cfaca1cf7635173b9d63cee6e4efade
UKDEJS544396,UKDEJS544396_muzzle3.jpg,gallery,44282afd4d15a0dfe2e259d116506ce730fcd50b9a1d27ddc1b65356e514ce37
UKDEJS560365,UKDEJS560365_front1.jpg,gallery,eafa63aeb774d10a68accd8f2fda84917526fed8f86ae9392eccf16380a489ed
UKDEJS560365,UKDEJS560365_muzzle1.jpg,gallery,5f10a5bfc142e386f83c53cdefd7761c5ad38d02c05de1858e32e6fa826e3934
UKDEJS560365,UKDEJS560365_muzzle2.jpg,gallery,26adb2ad97d7a3ba85e847d0afc6273ea552504f311e12b0d76ea28614b51860
UKDEJS583047,UKDEJS583047_muzzle1.jpg,gallery,f7be25d7ce9121914851de87aba5e4d5848739fdc906eb961197831a39bf68f1
UKDEJS583047,UKDEJS583047_muzzle2.jpg,gallery,f0ab8e9b398c469be6771b3f70d862be187fb755f0497f254361de1455c0966c
UKDEJS583047,UKDEJS583047_muzzle3.jpg,gallery,881858cf467ee2de8836750fad3f45cbe07f9cba86c84a5aa0a527bb52f7c3a9
UKDEJS619410,UKDEJS619410_front1.jpg,gallery,0a3a5c729c96ed1198fe0e432fe6d986c8169a8f34d9f189fe44eb3f2e8df305
UKDEJS619410,UKDEJS619410_muzzle1.jpg,gallery,fcc207a74e3e1edc258a4fb643e46dc63b424a61d811028dcb30f3371c91428c
UKDEJS619410,UKDEJS619410_muzzle2.jpg,gallery,c837581db8808180c8ea039258a9dde4747761e46203c2540696527e7ae385ba
UKDEJS619410,UKDEJS619410_muzzle3.jpg,gallery,1a4f7de9f30db0b29f84799e8dad9f2bd0b94e26da636b2777217bbb49b32aa9
UKDEJS636236,UKDEJS636236_muzzle1.jpg,gallery,f9ef20a0f458cbcc72ed25362c5115568b34274af02079fb7c51d1d8d698436f
UKDEJS636236,UKDEJS636236_muzzle2.jpg,gallery,d9977d41a38639d7aa0fee4edc440372affd4754274a7f09e66e67261b2d7bb0
UKDEJS636236,UKDEJS636236_muzzle3.jpg,gallery,45006184ee763b8f8ca28533cfd26b3c9ba0a84320efc5232f0897c380abcb82
UKDEJS698982,UKDEJS698982_front1.jpg,gallery,a1423f99f9f084b0514b910ac8015deeb788b1cc6155732f8eb2fadab34a9093
UKDEJS698982,UKDEJS698982_muzzle1.jpg,gallery,2728e41e1d082c52a608c32906b1d594615754c807182f0545905483f22879f2
UKDEJS698982,UKDEJS698982_muzzle2.jpg,gallery,6e6ea8026bbecdff899a73783d19608ceb0cd4eacac207846169f9bd7db073d2
UKDEJS698982,UKDEJS698982_muzzle3.jpg,gallery,cfcbf27def547593608d2667d7f7d5bde4ac98af44faa38f0b3cd211de1560aa
UKDEJS716795,UKDEJS716795_muzzle1.jpg,gallery,b3d148f112a935e2a3045d9401e0c4625379abcf5bdba989fdafc8ad11c56093
UKDEJS716795,UKDEJS716795_muzzle2.jpg,gallery,8e6c43282f0d2f279dda4866256a05b61395c84093331866cd556b055b4a7a06
UKDEJS716795,UKDEJS716795_muzzle3.jpg,gallery,a3c89a95015f85c2d3eaa6174a2e7db790b758ac9a8163282c49fb1c42183fc2
UKDEJS725951,UKDEJS725951_muzzle1.jpg,gallery,61e74fce9ea7a300f55f21bfc9eca87469645ec5e727af59cecb488253e9d548
UKDEJS725951,UKDEJS725951_muzzle2.jpg,gallery,0922c4eaa21bd0b29aa7b0105b7461d333a79d08b2296f6a2e84d468821377c2
UKDEJS725951,UKDEJS725951_muzzle3.jpg,gallery,745b1355f05c277402591b4c7bfa8c2f6e4d57b7326a29a7252efb913ffba47a
UKDEJS746824,UKDEJS746824_muzzle1.jpg,gallery,a6a021535903849a0100bd353181d3030046ec2c1908a30628e550fd0a2fa189
UKDEJS746824,UKDEJS746824_muzzle2.jpg,gallery,57fa2c719c7cc61005770a327b38981a694e1ceaa15be9d04f75cca3cad12a35
UKDEJS746824,UKDEJS746824_muzzle3.jpg,gallery,70c6d0f562c9642cf3b3591cd845537f4516ba88e000fdad1eb87e0cc7dfddc5
UKDEJS753009,UKDEJS753009_muzzle1.jpg,gallery,09b46718ef69d4112a049e785ec7e2bf6deb196f825ae91bebeb720948a1327e
UKDEJS753009,UKDEJS753009_muzzle2.jpg,gallery,e7e60d02077563947ed9fbb9edb99b2be2f12a6aa7d226a31653996ddda25e18
UKDEJS753009,UKDEJS753009_muzzle3.jpg,gallery,0e89eca803dd52f21c804468f409e84d3976cb1fc62258bc30b7776292f34041
UKDEJS753647,UKDEJS753647_muzzle1.jpg,gallery,99718f7d173cb81eb1e27010efc2339baf45dfb421f474021304e1124280c164
UKDEJS753647,UKDEJS753647_muzzle2.jpg,gallery,46fa15fc33fcfbebc937fa75b6145564819de1f62d910ebf418c9118cb0a099b
UKDEJS753647,UKDEJS753647_muzzle3.jpg,gallery,056c0c5f8fdebc5b080b4b717512a63e3a2a46946a4e97110da1167093eec5d3
UKDEJS762234,UKDEJS762234_muzzle1.jpg,gallery,84878b14aea0c79144447cbc09c12a7bc51ad6a9e7f9df0f84b3bb2a917b460e
UKDEJS762234,UKDEJS762234_muzzle2.jpg,gallery,1a8fbf149ab133b50ade6d887fb8f1b51123073e8991493e4e4c64d238893bcb
UKDEJS762234,UKDEJS762234_muzzle3.jpg,gallery,273daa35602758d005e7938b62d6828b21db25128d6130664531b9300db8da09
UKDEJS834997,UKDEJS834997_muzzle1.jpg,gallery,b6c79e249f193977b644d862f57a5b5ed1c1b972d2d541922f8f370a90701d9f
UKDEJS834997,UKDEJS834997_muzzle2.jpg,gallery,011b70210dbd1f9c0cd466c07235025d99b40575142593d53c220a4b596aaece
UKDEJS834997,UKDEJS834997_muzzle3.jpg,gallery,c10cd4160b1d56cb9646987dac9e98aeffd86e90fd69432661b2f0adbd4209a4
UKDEJS847853,UKDEJS847853_muzzle1.jpg,gallery,d2357c74eb3f63e1c4934548075cd4fd25f997d51084ba7c6e26b8702a3fc590
UKDEJS847853,UKDEJS847853_muzzle2.jpg,gallery,1f563d82b2b826abb587be91715a6f3d8230d261e72645eae0b0fefb6c96468e
UKDEJS847853,UKDEJS847853_muzzle3.jpg,gallery,c253b7cb46849b392b228a999c0aa31bb008ac7eb22d9d49d8eea64742cb9a3e
UKDEJS857704,UKDEJS857704_muzzle1.jpg,query,f29182d60c71149bb7119387fd048b2dcab9538ea400b9d60044614c253c2d15
UKDEJS857704,UKDEJS857704_muzzle2.jpg,query,132b0f34068817a0a5788bd3925da69fd53093d973603706dcf6a290c292dc25
UKDEJS857704,UKDEJS857704_muzzle3.jpg,query,607684e7910dc0098e97bd8a18be08e9a698add698b1cd26cf90050ea9d31900
UKDEJS887668,UKDEJS887668_muzzle1.jpg,gallery,d6f07e45a61e66f33c9143ae5917e17166896d8ee8d72bc752d9fdf45fd45554
UKDEJS887668,UKDEJS887668_muzzle2.jpg,gallery,af9e304ea588180dcb136d7efa41dc3f3f7fca3fc08c5f7675080f8afb40211f
UKDEJS887668,UKDEJS887668_muzzle3.jpg,gallery,f19bd5ebebbd1458758cb65f7efa614d49b9a35c7b736b805a19b4855b192afb
UKDEJS894032,UKDEJS894032_muzzle1.jpg,gallery,b78de0cdf24b3a21cb5eb33f1a995f9d8fad39e3f61fcfb40703053e59d7803a
UKDEJS894032,UKDEJS894032_muzzle2.jpg,gallery,5abed9bcec6f85d7320c93fd40ec7fffbedfafb909bbf3c609e5063396476fe7
UKDEJS894032,UKDEJS894032_muzzle3.jpg,gallery,e0ac25782edb094ba72d5ecc3d1069af5efc582ca6143c69589da42fd7650b79
UKDEJS904482,UKDEJS904482_muzzle1.jpg,gallery,d80d75f445f8a5c7e3fae780b95ccb6ccfc269147616b409815999af728a3697
UKDEJS904482,UKDEJS904482_muzzle2.jpg,gallery,cd0c28b35f93b24ac8ee055a9ca945626fe0272efd30396cc486cb910f9a3ba9
UKDEJS904482,UKDEJS904482_muzzle3.jpg,gallery,b39a556916f82247e844fe5ec245e0b23dc913d27929b18dedcda25abe64b184
UKDEJS928094,UKDEJS928094_muzzle1.jpg,query,fd26f56656825e9cef82e5e5d606e48548f392e2de5296fcd840075cb12f3da3
UKDEJS928094,UKDEJS928094_muzzle2.jpg,query,10fc0df089fb9a74b5f43f5ecc100451a4f1dce62cc23c5cc98b59c7cb258c97
UKDEJS928094,UKDEJS928094_muzzle3.jpg,query,99e9b04dbb3da4b11f06b6968c59922f9c77498364c4b0123ff3097b9740bf08
UKDEJS969851,UKDEJS969851_muzzle1.jpg,gallery,0cfc304b85220eabe6f7d4e658d5cb649ce755c1234df4e7c020f824ee1704a3
UKDEJS969851,UKDEJS969851_muzzle2.jpg,gallery,da620de7b64c528bf78b7a9d8addeb7715e6b9f1b0f9cbc61b2618dffd020f2c
UKDEJS969851,UKDEJS969851_muzzle3.jpg,gallery,d4c27552b27cdde8f00d7869ec823fc9f671858d18aa46ceb34a4b1fc86658b9
UKDEJS975534,UKDEJS975534_front1.jpg,gallery,5a49d7a129b83a2c092201bb21f479bf0446a0f14219356a16190c3d20894080
UKDEJS975534,UKDEJS975534_front2.jpg,gallery,9c6fde1272bb76d3af52116361afa4bc197902628ebe597d8e8cff1441badff0
UKDEJS975534,UKDEJS975534_muzzle1.jpg,gallery,43ed264b751494f90fc043c941fb350d318516f86c686789181ff0e893e7c0eb
UKDEJS975534,UKDEJS975534_muzzle2.jpg,gallery,e3728723e1228558fa122f5d2c968010d8c1ddc6f121508f044747cf662feeb1
UKDEJS975534,UKDEJS975534_muzzle3.jpg,gallery,1af6a7f0505b39632044df7516472e3078b6d19fe4bb0dc972b15b2fc6bf69d0
UKDEJS987250,UKDEJS987250_muzzle1.jpg,gallery,0b08ad3effaf48849585ede027267458b1b1be71a5902ce5d3a20cf409ecd62c
UKDEJS987250,UKDEJS987250_muzzle2.jpg,gallery,5bf2791e6ff1a657891526a902849a358dd0c40af6a888eabae980f0f92f6222
UKDEJS987250,UKDEJS987250_muzzle3.jpg,gallery,36ae6d4829a1f40c3e1801caca9606ea7a05461ea837bcc3aee6b5ffb44b33e2
UKDEJS998557,UKDEJS998557_muzzle1.jpg,gallery,fc51efc6c499231fe8e7329fa282d66d7fdfbd4db6ea6040792e74f27efb34aa
UKDEJS998557,UKDEJS998557_muzzle2.jpg,gallery,7861d654e4334093f7ff58034bc88aed7d2b90495f9d6810fbd7b51807d879fc
UKDEJS998557,UKDEJS998557_muzzle3.jpg,gallery,3b6ef2765a3541af925a8ce9030c0465950d44455247a3a9eaeca4c305e447c9
UKDEOT115769,UKDEOT115769_muzzle1.jpg,gallery,52ef2bfc8859c2d97f9483e04fe8cd0fc601812a605751d0f053b3ffff2f7860
UKDEOT115769,UKDEOT115769_muzzle2.jpg,gallery,758b7ba3e24841190078f9ab34285b081197574468d820a3203788a04266f86f
UKDEOT115769,UKDEOT115769_muzzle3.jpg,gallery,d42bcdd97982e0ce53f6ab4183c09936112ebdb2570c752177f65f86b790be23
UKDEOT150093,UKDEOT150093_front1.jpg,gallery,35e1c8e43f796fb997c234784e8bc7c626c4f5dc198044a57415b3b010c63ab7
UKDEOT150093,UKDEOT150093_front2.jpg,gallery,8b7613820f52e583cf1c45f942ee93d1461245760656a8cc2da880cc1944aa8a
UKDEOT150093,UKDEOT150093_muzzle1.jpg,gallery,fd273c6cffbe81da12d74c4f307e0c7a33caf6cbdc54f48214f410b4538bf08c
UKDEOT150093,UKDEOT150093_muzzle2.jpg,gallery,2f536dea610e79486d6236af214dc620711a45dd9eb7945beb30172c40c89356
UKDEOT150093,UKDEOT150093_muzzle3.jpg,gallery,a5b11239a8766ffeb84c047d1d239e302a1ed8eeb33d83b00ce4673d14ed4152
UKDEOT360850,UKDEOT360850_muzzle1.jpg,gallery,839122d54799c00577aabf01c45ac2d2c46f322a1d32368e2c6028d30b064be2
UKDEOT360850,UKDEOT360850_muzzle2.jpg,gallery,b667f384ad3f37b46e061beaaf976f2666764540dc523b7cce1525d5403d7998
UKDEOT360850,UKDEOT360850_muzzle3.jpg,gallery,e3b8063534e10d500ef42747a85a0bb6f66136fd7c6a709a7944a55f0cbede4e
UKDEOT391987,UKDEOT391987_front1.jpg,query,e28de643cbc6e0683540ad7c90cadad80140a4db22d3641d6611d390f8dd026f
UKDEOT391987,UKDEOT391987_front2.jpg,query,97bbe702a66ddde27f41e5a35115d13be44596fee26952285e8ecd71918c889c
UKDEOT391987,UKDEOT391987_muzzle1.jpg,query,77730f31bdc6233b1f26dbd49c178d754186efa5ab6750f0f5932294619ed072
UKDEOT391987,UKDEOT391987_muzzle3.jpg,query,3b057882ec89265e359dc947a2c9f1beb6ed98bcefb9d98a08036a1c717d43a0
UKDEOT393189,UKDEOT393189_muzzle1.jpg,query,a212bbdc657203b27d7f1a1715398d153d811cd63e9384000f2b1cae17fa4b99
UKDEOT393189,UKDEOT393189_muzzle2.jpg,query,e5ec2d31e2b0dfd93064b5064eff3fa935fddb6ff0ca3f7a22837bb162388d17
UKDEOT393189,UKDEOT393189_muzzle3.jpg,query,be8459a45ce42d87b8fb81b71700d98aec0d09e44a07653382e392e9db55dbbc
UKDEOT422059,UKDEOT422059_muzzle1.jpg,gallery,01208be2058bfb6460f118f50292df23f158d144036cfe89f64e33a858bad211
UKDEOT422059,UKDEOT422059_muzzle2.jpg,gallery,765c7e26ae6c6e856d3fe4f6943e99ae25a45e70c1e3e2609809f82f8423e66b
UKDEOT422059,UKDEOT422059_muzzle3.jpg,gallery,35ef5ec3cf8d615237930a85d7d12bcc411cab24142eb7fd9ac52cd8c88eecd2
UKDEOT505672,UKDEOT505672_muzzle1.jpg,gallery,c672ffa013562b777346309ce36aca4d9755d31f1f79924fb069018b8997f611
UKDEOT505672,UKDEOT505672_muzzle2.jpg,gallery,2a5225a577539c17f8c5db53c16675f6fd701e17d931bf54e99407ca7bb83736
UKDEOT505672,UKDEOT505672_muzzle3.jpg,gallery,6a751a7d16df61ff0f9f509e6858b2c8cd7a0570ad7ad781691b543ed9d6d3ba
UKDEOT710871,UKDEOT710871_front2.jpg,query,fc736620dc9482d2e83cb30563564c9abb3f8142ca0958f1fd6c2e16f4569535
UKDEOT710871,UKDEOT710871_muzzle1.jpg,query,3e36e9ce160bb69b3c1a45d56e86bf5d1548081d8e0c9ed5cb25ba2bea1d1580
UKDEOT710871,UKDEOT710871_muzzle2.jpg,query,b1fd1a40b9285a03beb1337636a2f7acc9448d0b32d386a006551b12a1cc6cda
UKDEOT710871,UKDEOT710871_muzzle3.jpg,query,4c5a91466f7beee1106fa6004ca865769bcb10f3de7aa2e1cf881a439d97037e
UKDEOT723196,UKDEOT723196_muzzle1.jpg,gallery,4b1efbea5fc7f8c8416bddc9a4d157f08099fc5850e29007db4cadec4d04ca64
UKDEOT723196,UKDEOT723196_muzzle2.jpg,gallery,c6e55586c506dd3e48a88d92fee699f0a20f01a304c38c98cb90271b0ec3faa3
UKDEOT723196,UKDEOT723196_muzzle3.jpg,gallery,d90da0f51d85f2eb412ea80e59b6414460a1e4596f381f878f62dab69716e129
UKDEOT786572,UKDEOT786572_muzzle1.jpg,gallery,06db7e47678a8e182a05ca57aefcc90c97cbbd42d9f7205bf5c42663b4d94094
UKDEOT786572,UKDEOT786572_muzzle2.jpg,gallery,037e095c4c4f42b905483bd6ee261ed5c0fc671cd2ceeae30747d3a98cd169e5
UKDEOT786572,UKDEOT786572_muzzle3.jpg,gallery,8d1627d9711157b0130c8e00052def7ef30f6a3f27172ef136e0a83b5dc0da23
UKDEOT789831,UKDEOT789831_muzzle1.jpg,gallery,710bc99cc69ab84e01ac5c29188b5b1e64db58da515e104be2ab0aa1dac272cd
UKDEOT789831,UKDEOT789831_muzzle2.jpg,gallery,17de40f919d3793d08001d489f34fb07a2cf98437a2b1e6734f20783fa421bc2
UKDEOT789831,UKDEOT789831_muzzle3.jpg,gallery,cf01ea945780e72967a4b420ef635de6b7df8f5ccd8643d0e14e9a2b2f91504e
UKDEOT827964,UKDEOT827964_muzzle1.jpg,query,e3e62c5109cb12641f3649f716129ca5a01e5fa00e6ce9863fa872887748af0c
UKDEOT827964,UKDEOT827964_muzzle2.jpg,query,71e05286684f6391f5f34fb5a63fab0efca5f8e5823251cf2b3251039c497aa9
UKDEOT827964,UKDEOT827964_muzzle3.jpg,query,ca970e24e9404dfd5850d1b1a46c259a441b6514f6c431bea8f3db1c8ab80aaa
UKDEOT906145,UKDEOT906145_front1.jpg,gallery,512b5e7f1f6ffa975460fb630770040a3fb4fb54a09701c57c8cffd9f3c757c0
UKDEOT906145,UKDEOT906145_muzzle1.jpg,gallery,2c6f1c7b9ff9a97bade0f17e446ff7e8eefb5a604086bdae140c6d1903405b69
UKDEOT906145,UKDEOT906145_muzzle2.jpg,gallery,f23f858d5c070a3a0e4547c43cc1e1627110f4debc2149cd5f340724d5401de1
UKDEOT906145,UKDEOT906145_muzzle3.jpg,gallery,13be1c35f822910b5a8b3ac1b3cef3395484e82d4b31baf54cebb38f8539e930
UKDEOT997006,UKDEOT997006_muzzle1.jpg,gallery,61693306509212ad07a83a1fe5fac2340ce8b9d377a36775f10614043e07c07c
UKDEOT997006,UKDEOT997006_muzzle2.jpg,gallery,f9bb5e83173790f6552d67354157f7107e3d760eb50df1da21b6c316ef0ce286
UKDEOT997006,UKDEOT997006_muzzle3.jpg,gallery,487b8a083f5a688564aca736b02592d731b50a8b94b8f2ac6edb5e885a77438e
UKDESH010833,UKDESH010833_front1.jpg,gallery,4c0f79908dd9beef4ef0b334c220b93b755ef56ecea406ba5d7f7e54b0c9e6e0
UKDESH010833,UKDESH010833_front2.jpg,gallery,e88f15963c3f55366099a9f39994c91d33e2ffe2996ebef3a82024abc020022a
UKDESH010833,UKDESH010833_muzzle1.jpg,gallery,135a5bbb6f7d844b62cb47457d550310aca6c19c57d93985bcef5f029eae0d33
UKDESH010833,UKDESH010833_muzzle2.jpg,gallery,a0917647462fb5d4b7855b22c025951a58c79113f1f44380a6b86a18196bd6aa
UKDESH010833,UKDESH010833_muzzle3.jpg,gallery,1a84caf214284553c3e8dc0b72e6b7a30a7e02eb5445bf67ded35744ae911cfc
UKDESH038708,UKDESH038708_muzzle1.jpg,gallery,ca78a3e772b896ff4d3f0931c632bcc4f97423d73d1f8d603107753fe189dcbf
UKDESH038708,UKDESH038708_muzzle2.jpg,gallery,a339553f5d32320320c11bc368a698d8727d124a5886f7168168ee601589dc68
UKDESH038708,UKDESH038708_muzzle3.jpg,gallery,e18735c0e497782442bc4ce1833695540b77c0dc82293afd7dbaa89fb720eb9d
UKDESH096467,UKDESH096467_muzzle1.jpg,gallery,0eb3c51e478e09320661fa14c36a78c0df9c72393c153408056bae06676368dd
UKDESH096467,UKDESH096467_muzzle2.jpg,gallery,e269166cb527b0eaef0c87afc40025693357163ce787a8a3acc9365b4dbf87ec
UKDESH096467,UKDESH096467_muzzle3.jpg,gallery,ef1f90d8ffd921b3eb8edc20a49d8b05bf404a6a79afb978432d856a0d963bc1
UKDESH152595,UKDESH152595_muzzle1.jpg,gallery,cfd83c6ade72a6672a25525458053f69bdabb32572b1921972a349cd6c39e4a0
UKDESH152595,UKDESH152595_muzzle2.jpg,gallery,80a66105b0e47d26f2e4219cc08430a8273f2db44dabcaca952e61d87ebfcb7f
UKDESH152595,UKDESH152595_muzzle3.jpg,gallery,637f15c5facd8f72df53ee7e37670a7fadc997eb5e852996c6426ea8ad827b6d
UKDESH292136,UKDESH292136_muzzle1.jpg,gallery,3bd38ead0f5423a931f34ba881f6d632a3df2a04a796d26be0f16643194d2fc1
UKDESH292136,UKDESH292136_muzzle2.jpg,gallery,5825a7111cc308746e1993a37e673be797d119a4fb53dfa853066e61e1907cfa
UKDESH292136,UKDESH292136_muzzle3.jpg,gallery,48aa1e777fcedbaeb2e89cfcfbedb9e6bc04af05b8922f03dfc421e416294361
UKDESH336088,UKDESH336088_muzzle1.jpg,gallery,b3b09e025888602bb1464691df812c42f2d3995beda065851a4d0b6d4fc3d504
UKDESH336088,UKDESH336088_muzzle2.jpg,gallery,0d9a79a6f4566c2df4073fd5d7342fcc21fc6fb93e5b67cb85a2448cf18c522e
UKDESH336088,UKDESH336088_muzzle3.jpg,gallery,71af0b4c0f84627047a25aed690569cc92442a8dd5e5d7cfe47432dcbb41887f
UKDESH402084,UKDESH402084_front1.jpg,gallery,390a462cb490cc93d919da30be4e0b018154b41f01cdb1a1db0bb5e77d664e44
UKDESH402084,UKDESH402084_front2.jpg,gallery,9760987767c8aa7dd7e406394a5ed30200a45d65f1cc3f449cfd16bd25b8d5a1
UKDESH402084,UKDESH402084_muzzle1.jpg,gallery,92ae35659e34b9689420c949518b7abe06dbed43cd0962a044ab212a82a8741b
UKDESH402084,UKDESH402084_muzzle2.jpg,gallery,0722cab63f7326ca5554e796b895a48ce95d6eb225f8cc7d4f4d5b821a82ae95
UKDESH402084,UKDESH402084_muzzle3.jpg,gallery,84b5984d7f2930d412722a9ad063c9bfcbaf97ed288bfc72fe89ea6853f0a2e0
UKDESH645680,UKDESH645680_front1.jpg,gallery,e35d348a47f378a7b6e9d1d361a3ae669c5d890e00691722d77200a62fa42f39
UKDESH645680,UKDESH645680_muzzle1.jpg,gallery,a6e1a917b22b8f9f9f12dceec2200ceb3689b2bfaa99cba64fb900a83faa1d12
UKDESH645680,UKDESH645680_muzzle2.jpg,gallery,bb8faa67ce8bb6a0bd4170210b18a7ef89374d24efcaa7cb95980e1c65d23627
UKDESH645680,UKDESH645680_muzzle3.jpg,gallery,adf7244ad616bdb19f59af898746328b891fb6ebc623c95c47bfdac73ac51e5c
UKDESH652695,UKDESH652695_muzzle1.jpg,gallery,5b5759f1264e896b36b9946f89b2db7cd752607a0050a09f0d99e49c03b83fbe
UKDESH652695,UKDESH652695_muzzle2.jpg,gallery,3cade7728e1fb5bcac6944e88855d2733c665c207c69861bc58b1803a79e5579
UKDESH652695,UKDESH652695_muzzle3.jpg,gallery,60dbdd88fc7963a192d72d85b3d5b0d1a81f5df4fd94c9aae544ca252eec653c
UKDESH709778,UKDESH709778_front2.jpg,gallery,029e5f4b70277e9130a6a578c669240a10400b7d3af299e1c10211f261820d9a
UKDESH709778,UKDESH709778_muzzle1.jpg,gallery,82579049e1859cdd8a3114dd502ce8a4ed94c9302445063a3e21e21c14b0a793
UKDESH709778,UKDESH709778_muzzle2.jpg,gallery,5dbe6bd94ee02f989a2fcd83bb43b69664d70e39c759afa8f6306088cf9d381f
UKDESH815414,UKDESH815414_front2.jpg,gallery,d87645e2c46b271138ac1a9905bd093cd378c9f25f831945794e6096088e4257
UKDESH815414,UKDESH815414_muzzle1.jpg,gallery,5ec53bcebd115b184df33db2bf5b33cbc30ac860a59d2624a3d240ab61e41c33
UKDESH815414,UKDESH815414_muzzle2.jpg,gallery,0379bda36ffe2e686dcb35a123efa50bd8917105a15ccc5864ea1e6d13073641
UKDESH834270,UKDESH834270_muzzle1.jpg,gallery,6913f35e5438ca52c171636322bf8bd5728a7400b3d961f6a0d490735a1d01f2
UKDESH834270,UKDESH834270_muzzle2.jpg,gallery,845e87a9efd8f7cbd34e99dd80badd742aec249ff829e4b65c83964ca03e5bd9
UKDESH834270,UKDESH834270_muzzle3.jpg,gallery,bbbd1763d0ce8d9881a3a7637beafd4de2641aea0bd3456bc0db7a8622c77cfa
UKDESH856881,UKDESH856881_muzzle1.jpg,gallery,b09f6a707af2ab7a824e265af360f50ebddabd472b729741021b140975d5c1ba
UKDESH856881,UKDESH856881_muzzle2.jpg,gallery,3c8908d0347166f877f3734f22d2711f69c2f68565487053e3e8d957a23c9147
UKDESH856881,UKDESH856881_muzzle3.jpg,gallery,fa2a8fa91aebd256164ff9c3bf601fa4cd3b41a54668779aee85e93c9fdb4355
UKDESH940618,UKDESH940618_front1.jpg,gallery,38a044ab04af2482ba989086e1938d997f91f3e3cedfeb6fa4d55a9c2dbb81d0
UKDESH940618,UKDESH940618_front2.jpg,gallery,3a0407786fffb8b882e9e7d8adb95f3962cc629102987015faa104114c9cdd7c
UKDESH940618,UKDESH940618_muzzle1.jpg,gallery,85b229f52079751d971bf2a921958db15cffe889164dbc61fde0f460d391476b
UKDESH940618,UKDESH940618_muzzle2.jpg,gallery,cf4234b38450bb4b0cbb0b5487f72f5d1fe2307d427dcc8d5e140a6b4ce2fa82
UKDESH940618,UKDESH940618_muzzle3.jpg,gallery,d9ceec196f5d4373e43f05a5e39234da8e1db7c9b497d3e7a438426d3e0467be
UKDESH953629,UKDESH953629_muzzle1.jpg,query,49efcd1f10be67fe4d3c4f4f3547966a82af31395f6136ba07862500b2963d70
UKDESH953629,UKDESH953629_muzzle2.jpg,query,2e9ad6ca35dd05f211a083222b7959f42b992b9a2080d4a1c4d321de4b643359
UKDESH953629,UKDESH953629_muzzle3.jpg,query,79755b9bb3b0065f2037d3d4e2313015b775dab90cae4678b2016cf4e4d4e67f
